Rua Tenente Joaquim Lopes Craveiro, Guarda, Concelho de Guarda
Rua de Caveiros, Fonte Boa e Rio Tinto, Esposende
Rua Romana, Santa Maria da Feira, Distrito de Aveiro
Travessa da Agoncida, Santa Maria da Feira, Distrito de Aveiro
Avenida António Henriques, São João da Madeira, Distrito de Aveiro
Avenida Benjamim Araújo, São João da Madeira, Distrito de Aveiro
Avenida da Liberdade, São João da Madeira, Distrito de Aveiro
Avenida da Misericórdia, São João da Madeira, Distrito de Aveiro
Avenida do Brasil, São João da Madeira, Distrito de Aveiro
Avenida do Vale, São João da Madeira, Distrito de Aveiro
Avenida dos Chapeleiros, São João da Madeira, Distrito de Aveiro
Avenida Doutor Afonso Coutinho, São João da Madeira, Distrito de Aveiro
Avenida Doutor Renato Araújo, São João da Madeira, Distrito de Aveiro
Avenida Manuel Viera Araújo, São João da Madeira, Distrito de Aveiro
Avenida Primeiro de Maio, São João da Madeira, Distrito de Aveiro
Largo Conde Dias Garcia, São João da Madeira, Distrito de Aveiro
Largo de Santo António, São João da Madeira, Distrito de Aveiro
Largo de São João, São João da Madeira, Distrito de Aveiro
Praça 25 de Abril, São João da Madeira, Distrito de Aveiro
Praça da República, São João da Madeira, Distrito de Aveiro
Praça Luís Ribeiro, São João da Madeira, Distrito de Aveiro
Rua 11 de Outubro, São João da Madeira, Distrito de Aveiro
Rua 16 Maio, São João da Madeira, Distrito de Aveiro
Rua 5 de Outubro, São João da Madeira, Distrito de Aveiro
Rua Adelino Amaro da Costa, São João da Madeira, Distrito de Aveiro
Rua Alão de Morais, São João da Madeira, Distrito de Aveiro
Rua Albano Martins, São João da Madeira, Distrito de Aveiro
Rua Almeida Garrett, São João da Madeira, Distrito de Aveiro
Rua António Aleixo, São João da Madeira, Distrito de Aveiro
Rua António José das Neves, São João da Madeira, Distrito de Aveiro
Rua António Luis da Costa, São João da Madeira, Distrito de Aveiro
Rua António Nicolau da Costa, São João da Madeira, Distrito de Aveiro
Rua António Nobre, São João da Madeira, Distrito de Aveiro
Rua António Sérgio, São João da Madeira, Distrito de Aveiro
Rua Antero de Quental, São João da Madeira, Distrito de Aveiro
Rua Bartolomeu Dias, São João da Madeira, Distrito de Aveiro
Rua Belmiro Silva, São João da Madeira, Distrito de Aveiro
Rua Benjamim Valente da Silva, São João da Madeira, Distrito de Aveiro
Rua Camilo Castelo Branco, São João da Madeira, Distrito de Aveiro
Rua Carolina Dias Garcia, São João da Madeira, Distrito de Aveiro
Rua Cerqueira Vasconcelos, São João da Madeira, Distrito de Aveiro
Rua Cesário Verde, São João da Madeira, Distrito de Aveiro
Rua Colombano, São João da Madeira, Distrito de Aveiro
Rua Comendador Raínho, São João da Madeira, Distrito de Aveiro
Rua Conde Dias Garcia, São João da Madeira, Distrito de Aveiro
Rua d e Guerra Junqueiro, São João da Madeira, Distrito de Aveiro
Rua da ADS, São João da Madeira, Distrito de Aveiro
Rua da Devesa Velha, São João da Madeira, Distrito de Aveiro
Rua da Fonte Cova, São João da Madeira, Distrito de Aveiro
Rua da Fundição, São João da Madeira, Distrito de Aveiro
Rua da Indústria, São João da Madeira, Distrito de Aveiro
Rua da Liberdade, São João da Madeira, Distrito de Aveiro
Rua da Lousã, São João da Madeira, Distrito de Aveiro
Rua da Mamoinha, São João da Madeira, Distrito de Aveiro
Rua da Mourisca, São João da Madeira, Distrito de Aveiro
Rua da Portela, São João da Madeira, Distrito de Aveiro
Rua da Quintã, São João da Madeira, Distrito de Aveiro
Rua da Restauração, São João da Madeira, Distrito de Aveiro
Rua da Volta, São João da Madeira, Distrito de Aveiro
Rua das Águas, São João da Madeira, Distrito de Aveiro
Rua das Fontaínhas, São João da Madeira, Distrito de Aveiro
Rua das Pedreiras, São João da Madeira, Distrito de Aveiro
Rua de Angola, São João da Madeira, Distrito de Aveiro
Rua de Arouca, São João da Madeira, Distrito de Aveiro
Rua de Cabo Verde, São João da Madeira, Distrito de Aveiro
Rua de Cucujães, São João da Madeira, Distrito de Aveiro
Rua de Fundões, São João da Madeira, Distrito de Aveiro
Rua de Fundo de Vila, São João da Madeira, Distrito de Aveiro
Rua de Macau, São João da Madeira, Distrito de Aveiro
Rua de Milheirós de Poiares, São João da Madeira, Distrito de Aveiro
Rua de Oliveira de Azeméis, São João da Madeira, Distrito de Aveiro
Rua de Olivença, São João da Madeira, Distrito de Aveiro
Rua de Ovar, São João da Madeira, Distrito de Aveiro
Rua de Santa Cruz, São João da Madeira, Distrito de Aveiro
Rua de Santa Maria da Feira, São João da Madeira, Distrito de Aveiro
Rua de Santo António, São João da Madeira, Distrito de Aveiro
Rua de São Francisco Xavier, São João da Madeira, Distrito de Aveiro
Rua de São Paulo, São João da Madeira, Distrito de Aveiro
Rua de São Tiago, São João da Madeira, Distrito de Aveiro
Rua de São Tomé, São João da Madeira, Distrito de Aveiro
Rua de Vale de Cambra, São João da Madeira, Distrito de Aveiro
Rua do Barroco, São João da Madeira, Distrito de Aveiro
Rua do Carquejido, São João da Madeira, Distrito de Aveiro
Rua do Condestável, São João da Madeira, Distrito de Aveiro
Rua do Dourado, São João da Madeira, Distrito de Aveiro
Rua do Douro, São João da Madeira, Distrito de Aveiro
Rua do Orreiro, São João da Madeira, Distrito de Aveiro
Rua do Parrinho, São João da Madeira, Distrito de Aveiro
Rua do Poder Local, São João da Madeira, Distrito de Aveiro
Rua do Sobreiral, São João da Madeira, Distrito de Aveiro
Rua do Tapado, São João da Madeira, Distrito de Aveiro
Rua do Vale do Vouga, São João da Madeira, Distrito de Aveiro
Rua Dom Afonso Henriques, São João da Madeira, Distrito de Aveiro
Rua Domingos José de Oliveira, São João da Madeira, Distrito de Aveiro
Rua dos Açores, São João da Madeira, Distrito de Aveiro
Rua dos Bombeiros Voluntários, São João da Madeira, Distrito de Aveiro
Rua dos Combatentes do Ultramar, São João da Madeira, Distrito de Aveiro
Rua dos Ribes, São João da Madeira, Distrito de Aveiro
Rua dos Sapateiros, São João da Madeira, Distrito de Aveiro
Rua Doutor Maciel, São João da Madeira, Distrito de Aveiro
Rua Doutor Sá Carneiro, São João da Madeira, Distrito de Aveiro
Rua Doutor Serafim Leite, São João da Madeira, Distrito de Aveiro
Rua Durbalino Laranjeira, São João da Madeira, Distrito de Aveiro
Rua Eça de Queirós, São João da Madeira, Distrito de Aveiro
Rua Enedina Garcia, São João da Madeira, Distrito de Aveiro
Rua Fernando Pessoa, São João da Madeira, Distrito de Aveiro
Rua Frederico Ulrich, São João da Madeira, Distrito de Aveiro
Rua Gil Vicente, São João da Madeira, Distrito de Aveiro
Rua Grupo Patriótico Sanjoanense, São João da Madeira, Distrito de Aveiro
Rua Guerra Junqueiro, São João da Madeira, Distrito de Aveiro
Rua Infante Dom Henrique, São João da Madeira, Distrito de Aveiro
Rua Infante Santo, São João da Madeira, Distrito de Aveiro
Rua Jaime Afreixo, São João da Madeira, Distrito de Aveiro
Rua Júlio Dinis, São João da Madeira, Distrito de Aveiro
Rua João da Silva Correia, São João da Madeira, Distrito de Aveiro
Rua João das Regras, São João da Madeira, Distrito de Aveiro
Rua João de Deus, São João da Madeira, Distrito de Aveiro
Rua Jornal O Regional, São João da Madeira, Distrito de Aveiro
Rua José Moreira, São João da Madeira, Distrito de Aveiro
Rua José Régio, São João da Madeira, Distrito de Aveiro
Rua José Soares da Silva, São João da Madeira, Distrito de Aveiro
Rua Luís de Camões, São João da Madeira, Distrito de Aveiro
Rua Luis de Camões, São João da Madeira, Distrito de Aveiro
Rua Maestro Rui Ferrão, São João da Madeira, Distrito de Aveiro
Rua Manuel Luís da Costa, São João da Madeira, Distrito de Aveiro
Rua Manuel Luís Leite Junior, São João da Madeira, Distrito de Aveiro
Rua Manuel Vieira Araújo, São João da Madeira, Distrito de Aveiro
Rua Manuel Viera Araújo, São João da Madeira, Distrito de Aveiro
Rua Mouzinho de Albuquerque, São João da Madeira, Distrito de Aveiro
Rua Nova do Arruamento, São João da Madeira, Distrito de Aveiro
Rua Oliveira Figueiredo, São João da Madeira, Distrito de Aveiro
Rua Oliveira Junior, São João da Madeira, Distrito de Aveiro
Rua Padre Cruz, São João da Madeira, Distrito de Aveiro
Rua Padre Oliveira, São João da Madeira, Distrito de Aveiro
Rua Pedra do Homem, São João da Madeira, Distrito de Aveiro
Rua Pedro Martins Palmares, São João da Madeira, Distrito de Aveiro
Rua Professor Egas Moniz, São João da Madeira, Distrito de Aveiro
Rua Professora Adosinda Valente, São João da Madeira, Distrito de Aveiro
Rua Roberto Ivens, São João da Madeira, Distrito de Aveiro
Rua São João de Brito, São João da Madeira, Distrito de Aveiro
Rua Soares dos Reis, São João da Madeira, Distrito de Aveiro
Rua Sophia de Mello Breyner, São João da Madeira, Distrito de Aveiro
Rua Teixeira de Pacoais, São João da Madeira, Distrito de Aveiro
Rua Vasco da Gama, São João da Madeira, Distrito de Aveiro
Rua Vieira da Silva, São João da Madeira, Distrito de Aveiro
Rua Visconde de São João da Madeira, São João da Madeira, Distrito de Aveiro
Rua Vitorino Lisboa, São João da Madeira, Distrito de Aveiro
Travessa Adelino Amaro da Costa, São João da Madeira, Distrito de Aveiro
Travessa António Nobre, São João da Madeira, Distrito de Aveiro
Travessa Comendador Rainho, São João da Madeira, Distrito de Aveiro
Travessa de São Francisco Xavier, São João da Madeira, Distrito de Aveiro
Travessa do Parrinho, São João da Madeira, Distrito de Aveiro
Travessa Enedina Garcia, São João da Madeira, Distrito de Aveiro
Travessa Rua Visconde São João da Madeira, São João da Madeira, Distrito de Aveiro
Travessa Cova da Raposa, Oliveira de Azeméis, Distrito de Aveiro
Rua da Quinta da Clementina, Aveiro, Distrito de Aveiro
Rua Direita da Póvoa do Valado, Aveiro, Distrito de Aveiro
Rua do Carrajão, Aveiro, Distrito de Aveiro
Rua Sérgio Vieira de Melo, Aveiro, Distrito de Aveiro
Rua dos Industriais, Águeda, Distrito de Aveiro
Rua de Aveiro, Viana do Castelo (Santa Maria Maior e Monserrate) e Meadela, Viana do Castelo
Rua Bernardino Craveiro, Vila do Conde, Concelho de Vila do Conde
Rua Cidade de Aveiro, Vila do Conde, Concelho de Vila do Conde
Acesso à Norauto, Aradas, Aveiro
Alameda da Escola, Aradas, Aveiro
Avenida da Carregueira, Aradas, Aveiro
Avenida da Universidade, Aradas, Aveiro
Avenida Dom Frei Miguel de Bulhões e Souza, Aradas, Aveiro
Beco das Leirinhas, Aradas, Aveiro
Beco do Crasto, Aradas, Aveiro
Beco do Mourinho, Aradas, Aveiro
Beco do Murtório, Aradas, Aveiro
Glicínias, Aradas, Aveiro
Largo da Torre do Canha, Aradas, Aveiro
Largo de Acácio Rosa, Aradas, Aveiro
Ponte Pedonal, Aradas, Aveiro
Praceta de Ílhavo, Aradas, Aveiro
Praceta do Canha, Aradas, Aveiro
Praceta do Doutor Ernesto Paiva, Aradas, Aveiro
Praceta dos Correios, Aradas, Aveiro
Praceta dos Oleiros, Aradas, Aveiro
Praceta Duarte da Rocha, Aradas, Aveiro
Rotunda da Pedra Moura, Aradas, Aveiro
Rotunda de Damão, Aradas, Aveiro
Rotunda do Brejo, Aradas, Aveiro
Rotunda do Eucalipto, Aradas, Aveiro
Rua Bairro Maria Ferreira, Aradas, Aveiro
Rua da Agra, Aradas, Aveiro
Rua da Alfândega, Aradas, Aveiro
Rua da Amarona, Aradas, Aveiro
Rua da Bela Vista, Aradas, Aveiro
Rua da Cabreira, Aradas, Aveiro
Rua da Canseira, Aradas, Aveiro
Rua da Capela, Aradas, Aveiro
Rua da Carregueira, Aradas, Aveiro
Rua da Fonte Velha, Aradas, Aveiro
Rua da Marafusa, Aradas, Aveiro
Rua da Mateda, Aradas, Aveiro
Rua da Mauricia, Aradas, Aveiro
Rua da Oliveira, Aradas, Aveiro
Rua da Pedra Moura, Aradas, Aveiro
Rua da Pilôta, Aradas, Aveiro
Rua da Primagera, Aradas, Aveiro
Rua da Quinta, Aradas, Aveiro
Rua da Quinta de Cima, Aradas, Aveiro
Rua da Soalheira, Aradas, Aveiro
Rua da Teceloa, Aradas, Aveiro
Rua da Ucha, Aradas, Aveiro
Rua das Canas, Aradas, Aveiro
Rua das Cavadas, Aradas, Aveiro
Rua das Leirinhas, Aradas, Aveiro
Rua de Ovar, Aradas, Aveiro
Rua de São João, Aradas, Aveiro
Rua de Trás, Aradas, Aveiro
Rua Direita, Aradas, Aveiro
Rua Direita de Aradas, Aradas, Aveiro
Rua do Abreu, Aradas, Aveiro
Rua do Alquebe, Aradas, Aveiro
Rua do Baixeiro, Aradas, Aveiro
Rua do Beato, Aradas, Aveiro
Rua do Beco, Aradas, Aveiro
Rua do Brejo, Aradas, Aveiro
Rua do Buragal, Aradas, Aveiro
Rua do Cabeço, Aradas, Aveiro
Rua do Capitão Lebre, Aradas, Aveiro
Rua do Cardal, Aradas, Aveiro
Rua do Carocho, Aradas, Aveiro
Rua do Carregueiro, Aradas, Aveiro
Rua do Crasto, Aradas, Aveiro
Rua do Doutor Alberto Souto, Aradas, Aveiro
Rua do Masquitão, Aradas, Aveiro
Rua do Padre Daniel Correia Rama, Aradas, Aveiro
Rua do Parola, Aradas, Aveiro
Rua do Queimado, Aradas, Aveiro
Rua do Reguinho, Aradas, Aveiro
Rua do Sacobão, Aradas, Aveiro
Rua do Sol, Aradas, Aveiro
Rua do Solar da Nossa Senhora das Dores, Aradas, Aveiro
Rua do Tenente Manuel Malaquias de Oliveira, Aradas, Aveiro
Rua do Vale, Aradas, Aveiro
Rua do Vale Barrega, Aradas, Aveiro
Rua do Vale do Barrega, Aradas, Aveiro
Rua dos Adobeiros, Aradas, Aveiro
Rua dos Eucaliptos, Aradas, Aveiro
Rua dos Louros, Aradas, Aveiro
Rua Doutor Girão Pereira, Aradas, Aveiro
Rua Doutor Mário Sacramento, Aradas, Aveiro
Rua Duarte da Rocha, Aradas, Aveiro
Rua Eça de Queiróz, Aradas, Aveiro
Rua Engenheiro Basílio Tavares Lebre, Aradas, Aveiro
Rua Engenheiro Carlos Bóia, Aradas, Aveiro
Rua Fernando José de Queirós, Aradas, Aveiro
Rua João Gonçalves Neto, Aradas, Aveiro
Rua João Nunes Rocha, Aradas, Aveiro
Rua João Simões de Oliveira, Aradas, Aveiro
Rua José António Sá Leão, Aradas, Aveiro
Rua Manuel Barbuda de Vasconcelos, Aradas, Aveiro
Rua Manuel Nunes Ramos, Aradas, Aveiro
Rua Nossa Senhora da Saúde, Aradas, Aveiro
Rua Nossa Senhora do Carmo, Aradas, Aveiro
Rua Nova do Alquebe, Aradas, Aveiro
Rua Professor Júlio Catarino, Aradas, Aveiro
Rua Professor Manuel Estudante Silva, Aradas, Aveiro
Rua Professor Rocha Martins, Aradas, Aveiro
Rua Professora Maria Adriana da Rocha Martins, Aradas, Aveiro
Rua Visconde do Barreiro, Aradas, Aveiro
Travessa da Cabreira, Aradas, Aveiro
Travessa da Estação, Aradas, Aveiro
Travessa da Rua da Agra, Aradas, Aveiro
Travessa da Rua do Brejo, Aradas, Aveiro
Travessa da Rua do Cabeço, Aradas, Aveiro
Travessa da Rua do Quimado, Aradas, Aveiro
Travessa da Rua João Gonçalves Neto, Aradas, Aveiro
Travessa das Cavadas, Aradas, Aveiro
Travessa das Leirinhas, Aradas, Aveiro
Travessa de Nossa Senhora do Carmo, Aradas, Aveiro
Travessa do Abreu, Aradas, Aveiro
Travessa do Beixeiro, Aradas, Aveiro
Travessa do Cabeço, Aradas, Aveiro
Travessa do Crasto, Aradas, Aveiro
Travessa do Eucalipto Sul, Aradas, Aveiro
Travessa do Reguinho, Aradas, Aveiro
Travessa Professor Júlio Catarino, Aradas, Aveiro
Urbanização Glicínias Park, Aradas, Aveiro
Viela da Azenha, Aradas, Aveiro
Viela da Cardosa, Aradas, Aveiro
Viela da Quinta, Aradas, Aveiro
Viela das Arotas, Aradas, Aveiro
Avenida Fernando Augusto de Oliveira, Cacia, Aveiro
Avenida Manuel Álvaro Lopes Pereira, Cacia, Aveiro
Área de Serviço de Aveiro, Cacia, Aveiro
Beco das Alminhas, Cacia, Aveiro
Estrada CEE, Cacia, Aveiro
Largo 5 de Outubro, Cacia, Aveiro
Largo Conselheiro Nunes da Silva, Cacia, Aveiro
Pavilhão do Cenap de Cacia, Cacia, Aveiro
Ponte de Angeja, Cacia, Aveiro
Praça Manuel Ferreira Marques Damião, Cacia, Aveiro
Praceta Amadeu do Vale, Cacia, Aveiro
Praceta da Amizade, Cacia, Aveiro
Praceta da Rua da República, Cacia, Aveiro
Praceta do Cenap, Cacia, Aveiro
Praceta dos Bons Vizinhos, Cacia, Aveiro
Praceta Henrique Nunes Silva, Cacia, Aveiro
Rotunda da Junqueira, Cacia, Aveiro
Rua 25 de Abril, Cacia, Aveiro
Rua 31 de Janeiro, Cacia, Aveiro
Rua Amadeu do Vale, Cacia, Aveiro
Rua António Pinto Prefeito, Cacia, Aveiro
Rua Burinhal, Cacia, Aveiro
Rua Cabeço da Povoa, Cacia, Aveiro
Rua Capitão Zeferino de Abreu, Cacia, Aveiro
Rua Chão dos Ralos, Cacia, Aveiro
Rua Chousa do Duarte, Cacia, Aveiro
Rua Conselheiro Nunes da Silva, Cacia, Aveiro
Rua da Agra, Cacia, Aveiro
Rua da Agra do Meio, Cacia, Aveiro
Rua da Alvariça, Cacia, Aveiro
Rua da Amara, Cacia, Aveiro
Rua da Arrôta do Monte, Cacia, Aveiro
Rua da Balia, Cacia, Aveiro
Rua da Bosch, Cacia, Aveiro
Rua da Cabine, Cacia, Aveiro
Rua da Chousa Nova, Cacia, Aveiro
Rua da Constituição, Cacia, Aveiro
Rua da Cruz, Cacia, Aveiro
Rua da Escola, Cacia, Aveiro
Rua da Escola de Cacia, Cacia, Aveiro
Rua da Fonte, Cacia, Aveiro
Rua da Igreja, Cacia, Aveiro
Rua da Junqueira, Cacia, Aveiro
Rua da Liberdade, Cacia, Aveiro
Rua da Mêlhera, Cacia, Aveiro
Rua da Pata, Cacia, Aveiro
Rua da Paz, Cacia, Aveiro
Rua da Presa, Cacia, Aveiro
Rua da Quinta da Clementina, Cacia, Aveiro
Rua da Repúbica, Cacia, Aveiro
Rua da República, Cacia, Aveiro
Rua da Ribeira, Cacia, Aveiro
Rua da Ribeira do Arieiro, Cacia, Aveiro
Rua da Soja Viso, Cacia, Aveiro
Rua da Solidariedade, Cacia, Aveiro
Rua das Almas, Cacia, Aveiro
Rua das Alminhas, Cacia, Aveiro
Rua das Cercas, Cacia, Aveiro
Rua das Marinhas Baixas, Cacia, Aveiro
Rua das Russadinhas, Cacia, Aveiro
Rua de José Dias dos Santos, Cacia, Aveiro
Rua de José Estévão, Cacia, Aveiro
Rua de Santo André, Cacia, Aveiro
Rua de Santo António, Cacia, Aveiro
Rua de São Julião, Cacia, Aveiro
Rua Direita, Cacia, Aveiro
Rua Direita da Escola, Cacia, Aveiro
Rua do Brejo, Cacia, Aveiro
Rua do Campo, Cacia, Aveiro
Rua do Correguinho, Cacia, Aveiro
Rua do Correquinho, Cacia, Aveiro
Rua do Laranjal, Cacia, Aveiro
Rua do Padrão, Cacia, Aveiro
Rua do Progresso, Cacia, Aveiro
Rua do Ribeiro, Cacia, Aveiro
Rua do Salgueiral, Cacia, Aveiro
Rua do Samoucal, Cacia, Aveiro
Rua do Sol, Cacia, Aveiro
Rua do Val, Cacia, Aveiro
Rua do Vale Côvo, Cacia, Aveiro
Rua dos Bombeiros da Celulose, Cacia, Aveiro
Rua dos Combatentes de Cacia, Cacia, Aveiro
Rua dos Ervideiros, Cacia, Aveiro
Rua dos Lares, Cacia, Aveiro
Rua dos Matos Novos, Cacia, Aveiro
Rua dos Poisios, Cacia, Aveiro
Rua Doutor Alberto Souto, Cacia, Aveiro
Rua Doutor Cristiano Nina, Cacia, Aveiro
Rua Doutor Manuel Arriaga, Cacia, Aveiro
Rua Doutor Manuel Dias Ferreira, Cacia, Aveiro
Rua Doutor Marques da Costa, Cacia, Aveiro
Rua Doutor Tomás de Aquino, Cacia, Aveiro
Rua Ecos de Cacia, Cacia, Aveiro
Rua Engenheiro Francisco Maçarico, Cacia, Aveiro
Rua Engenheiro Jaime Rodrigues Nina, Cacia, Aveiro
Rua Fonte Campinho, Cacia, Aveiro
Rua Francisco Manuel Couceiro da Costa, Cacia, Aveiro
Rua João Chagas, Cacia, Aveiro
Rua João Joaquim Nunes da Silva, Cacia, Aveiro
Rua João Simões Costa, Cacia, Aveiro
Rua Luis de Camões, Cacia, Aveiro
Rua Manuel Simões Miranda, Cacia, Aveiro
Rua Manuel Soares de Almeira, Cacia, Aveiro
Rua Maria Mendes, Cacia, Aveiro
Rua Marquês de Pombal, Cacia, Aveiro
Rua Matos Novos, Cacia, Aveiro
Rua Morgado de Vilarinho, Cacia, Aveiro
Rua Padre Virgílio Susana Dias, Cacia, Aveiro
Rua Pedro Álvares Cabral, Cacia, Aveiro
Rua Primeiro de Dezembro, Cacia, Aveiro
Rua Professor Simões dos Santos, Cacia, Aveiro
Rua Professor Vidal Oudinot, Cacia, Aveiro
Rua Santa Mafalda, Cacia, Aveiro
Rua Santos e Carvalho, Cacia, Aveiro
Rua Sector 11, Cacia, Aveiro
Rua Tenente Coronel José Afonso Lucas, Cacia, Aveiro
Rua Vale Caseiro, Cacia, Aveiro
Rua Vasco da Gama, Cacia, Aveiro
Travessa À Rua Doutor Tomás de Aquino, Cacia, Aveiro
Travessa da Alvariça, Cacia, Aveiro
Travessa da Amara, Cacia, Aveiro
Travessa da Arrôta do Monte, Cacia, Aveiro
Travessa da Chousa Nova, Cacia, Aveiro
Travessa da Rua da Paz, Cacia, Aveiro
Travessa da Rua da República, Cacia, Aveiro
Travessa das Russadinhas, Cacia, Aveiro
Travessa de José Estêvão, Cacia, Aveiro
Travessa de Santa Mafalda, Cacia, Aveiro
Travessa do Brejo, Cacia, Aveiro
Travessa do Padrão, Cacia, Aveiro
Travessa Professor Vidal Oudinot, Cacia, Aveiro
Viela da Cardosa, Cacia, Aveiro
Viela da Sebastiana, Cacia, Aveiro
Viela do Ribeiro, Cacia, Aveiro
Viela dos Louros, Cacia, Aveiro
Alameda Maria Tereza de Melo, Esgueira, Aveiro
Alameda Silva Rocha, Esgueira, Aveiro
Arrocheiras de Baixo, Esgueira, Aveiro
Arrocheiras de Cima, Esgueira, Aveiro
Avenida das Agras, Esgueira, Aveiro
Avenida Doutor Carlos Candal, Esgueira, Aveiro
Avenida Manuel Maria da Rocha Colmieiro, Esgueira, Aveiro
Avenida Vasco Branco, Esgueira, Aveiro
Bairro Manuel Duarte, Esgueira, Aveiro
Beco da Rua das Flores, Esgueira, Aveiro
Beco das Andorinhas, Esgueira, Aveiro
Beco das Arrocheiras de Cima, Esgueira, Aveiro
Estrada Cidadela de Aveiro, Esgueira, Aveiro
Estrada da Taboeira, Esgueira, Aveiro
Estrada da Tabueira, Esgueira, Aveiro
Largo da Capela, Esgueira, Aveiro
Largo da Fonte, Esgueira, Aveiro
Largo da Igreja, Esgueira, Aveiro
Largo do Pelourinho, Esgueira, Aveiro
McDonald's Drive-Through, Esgueira, Aveiro
Plataforma das Linhas 4 e 5, Esgueira, Aveiro
Praça da Quinta do Olho de Água, Esgueira, Aveiro
Praceta da Rua do Sol, Esgueira, Aveiro
Praceta das Cascorras, Esgueira, Aveiro
Praceta de Santo António, Esgueira, Aveiro
Praceta de São Bartolomeu, Esgueira, Aveiro
Praceta Doutor Artur Alves Moreira, Esgueira, Aveiro
Praceta João de Figueiredo, Esgueira, Aveiro
Praceta José Gonçalves Venâncio, Esgueira, Aveiro
Praceta Mário Nascimentos, Esgueira, Aveiro
Quinta da Boavista, Esgueira, Aveiro
Rotunda do Olho de Água, Esgueira, Aveiro
Rua 25 de Abril, Esgueira, Aveiro
Rua 4 de Outubro, Esgueira, Aveiro
Rua Adriano Serra, Esgueira, Aveiro
Rua Américo Ramalho, Esgueira, Aveiro
Rua António Marques da Graça, Esgueira, Aveiro
Rua António Ribeiro da Silva, Esgueira, Aveiro
Rua António Rodrigues Oliveira, Esgueira, Aveiro
Rua Artur de Almeida Eça, Esgueira, Aveiro
Rua B - Bairro do Vouga, Esgueira, Aveiro
Rua Bento Moura, Esgueira, Aveiro
Rua Cabecinho das Pedras, Esgueira, Aveiro
Rua Campo de Cavalos, Esgueira, Aveiro
Rua Carlos Alberto Moreira, Esgueira, Aveiro
Rua Central, Esgueira, Aveiro
Rua Chão do Monte, Esgueira, Aveiro
Rua Conde da Taboeira, Esgueira, Aveiro
Rua Condessa da Taboeira, Esgueira, Aveiro
Rua da Agra, Esgueira, Aveiro
Rua da Alegria, Esgueira, Aveiro
Rua da Amizade, Esgueira, Aveiro
Rua da Balseira, Esgueira, Aveiro
Rua da Batalha, Esgueira, Aveiro
Rua da Bela Vista, Esgueira, Aveiro
Rua da Boavista, Esgueira, Aveiro
Rua da Carramona, Esgueira, Aveiro
Rua da Carreira Branca, Esgueira, Aveiro
Rua da Encosta, Esgueira, Aveiro
Rua da Encosta da Fonte, Esgueira, Aveiro
Rua da Escola, Esgueira, Aveiro
Rua da Floresta, Esgueira, Aveiro
Rua da Fonte, Esgueira, Aveiro
Rua da Igreja, Esgueira, Aveiro
Rua da Infância, Esgueira, Aveiro
Rua da Junqueira, Esgueira, Aveiro
Rua da Lagoinha, Esgueira, Aveiro
Rua da Liberdade, Esgueira, Aveiro
Rua da Pedreira, Esgueira, Aveiro
Rua da Quinta da Clementina, Esgueira, Aveiro
Rua da Quinta das Acácias, Esgueira, Aveiro
Rua da Raposa, Esgueira, Aveiro
Rua da República, Esgueira, Aveiro
Rua da Sofia, Esgueira, Aveiro
Rua da Ucha, Esgueira, Aveiro
Rua das Agras, Esgueira, Aveiro
Rua das Andorinhas, Esgueira, Aveiro
Rua das Cardadeiras, Esgueira, Aveiro
Rua das Cascorras, Esgueira, Aveiro
Rua das Flores, Esgueira, Aveiro
Rua das Fontainhas, Esgueira, Aveiro
Rua das Quintas Novas, Esgueira, Aveiro
Rua das Vielas, Esgueira, Aveiro
Rua de José Falcão, Esgueira, Aveiro
Rua de Manuel de Melo Freitas, Esgueira, Aveiro
Rua de Santa Luzia, Esgueira, Aveiro
Rua de Santo André, Esgueira, Aveiro
Rua de São Bartolomeu, Esgueira, Aveiro
Rua de São João, Esgueira, Aveiro
Rua de São João de Deus, Esgueira, Aveiro
Rua de Vicente Almeida de Eça, Esgueira, Aveiro
Rua de Viseu, Esgueira, Aveiro
Rua Dias Canarim, Esgueira, Aveiro
Rua Direita da Escola, Esgueira, Aveiro
Rua do Bairro do Vouga, Esgueira, Aveiro
Rua do Cabo Luís, Esgueira, Aveiro
Rua do Caião, Esgueira, Aveiro
Rua do Casal, Esgueira, Aveiro
Rua do Chão da Correia, Esgueira, Aveiro
Rua do Courego, Esgueira, Aveiro
Rua do Cruzeiro, Esgueira, Aveiro
Rua do Facho, Esgueira, Aveiro
Rua do Floral de Esgueira, Esgueira, Aveiro
Rua do General Costa Cascais, Esgueira, Aveiro
Rua do Monte do Paço, Esgueira, Aveiro
Rua do Monto Novo, Esgueira, Aveiro
Rua do Repouso, Esgueira, Aveiro
Rua do Senhorio, Esgueira, Aveiro
Rua do Sol Poente, Esgueira, Aveiro
Rua do Vero, Esgueira, Aveiro
Rua do Viso, Esgueira, Aveiro
Rua Dom Domingos Apresentação Fernandes, Esgueira, Aveiro
Rua Dom Sancho I, Esgueira, Aveiro
Rua Dona Madalena de Vilhena, Esgueira, Aveiro
Rua dos Aidos, Esgueira, Aveiro
Rua dos Arneiros, Esgueira, Aveiro
Rua dos Covões, Esgueira, Aveiro
Rua dos Lavadouros, Esgueira, Aveiro
Rua dos Pereiros, Esgueira, Aveiro
Rua dos Poisios, Esgueira, Aveiro
Rua dos Queimados, Esgueira, Aveiro
Rua dos Rasos, Esgueira, Aveiro
Rua dos Santos Populares, Esgueira, Aveiro
Rua Doutor António Alberto Dias, Esgueira, Aveiro
Rua Doutor Artur Moreira, Esgueira, Aveiro
Rua Doutor Lourenço Peixinho, Esgueira, Aveiro
Rua Duarte Ludgero, Esgueira, Aveiro
Rua Elísio Filinto Feio, Esgueira, Aveiro
Rua Engenheiro João Coutinho de Lima, Esgueira, Aveiro
Rua General José Domingues Peres, Esgueira, Aveiro
Rua Glória de Assunção Costa Lemos, Esgueira, Aveiro
Rua Godinho, Esgueira, Aveiro
Rua João Francisco do Casal, Esgueira, Aveiro
Rua José Luciano de Castro, Esgueira, Aveiro
Rua Luís de Camões, Esgueira, Aveiro
Rua Manuel Fernandes da Silva, Esgueira, Aveiro
Rua Marcos Vidal, Esgueira, Aveiro
Rua Mariano Ludgero, Esgueira, Aveiro
Rua Mário Duarte (filho), Esgueira, Aveiro
Rua Moisés Cabica, Esgueira, Aveiro
Rua Noda do Caião, Esgueira, Aveiro
Rua Nossa Senhora das Necessidades, Esgueira, Aveiro
Rua Nossa Senhora dos Anjos, Esgueira, Aveiro
Rua Nova, Esgueira, Aveiro
Rua Nova do Caião, Esgueira, Aveiro
Rua Nova do Milão, Esgueira, Aveiro
Rua Padre José Maria Taborda, Esgueira, Aveiro
Rua Padre Manuel Marques Ferreira, Esgueira, Aveiro
Rua Pedro Vaz d'Eça, Esgueira, Aveiro
Rua Primeiro de Maio, Esgueira, Aveiro
Rua Quinta da Rapada, Esgueira, Aveiro
Rua Quinta das Oliveira, Esgueira, Aveiro
Rua Ribeiro da Horta, Esgueira, Aveiro
Rua Santo António do Mudo, Esgueira, Aveiro
Rua Sérgio Vieira de Melo, Esgueira, Aveiro
Rua Senhora do Álamo, Esgueira, Aveiro
Rua Treze de Maio, Esgueira, Aveiro
Rua Vale de Marinhas, Esgueira, Aveiro
Rua Valmarinhas, Esgueira, Aveiro
Travessa Adriano Serra, Esgueira, Aveiro
Travessa da Boavista, Esgueira, Aveiro
Travessa da Escola, Esgueira, Aveiro
Travessa da Fonte de Cima, Esgueira, Aveiro
Travessa da Liberdade, Esgueira, Aveiro
Travessa da Malha, Esgueira, Aveiro
Travessa da Maria da Fonte, Esgueira, Aveiro
Travessa da Palhuça, Esgueira, Aveiro
Travessa da Patuleia, Esgueira, Aveiro
Travessa da Rua da República, Esgueira, Aveiro
Travessa da Rua das Flores, Esgueira, Aveiro
Travessa da Rua do Caião, Esgueira, Aveiro
Travessa da Rua do Viso, Esgueira, Aveiro
Travessa da Rua dos Queimados, Esgueira, Aveiro
Travessa das Andorinhas, Esgueira, Aveiro
Travessa das Arrocheiras de Cima, Esgueira, Aveiro
Travessa das Cardadeiras, Esgueira, Aveiro
Travessa das Cascorras, Esgueira, Aveiro
Travessa das Pombas, Esgueira, Aveiro
Travessa de Milão, Esgueira, Aveiro
Travessa Dias Canarim, Esgueira, Aveiro
Travessa do Cabeço, Esgueira, Aveiro
Travessa do Cabo Luis, Esgueira, Aveiro
Travessa do Espírito Santo, Esgueira, Aveiro
Travessa do Monte do Paço, Esgueira, Aveiro
Travessa do Pelourinho, Esgueira, Aveiro
Travessa dos Eucaliptos, Esgueira, Aveiro
Travessa Nossa Senhora dos Anjos, Esgueira, Aveiro
Viela da Capela, Esgueira, Aveiro
Viela da Fonte, Esgueira, Aveiro
Avenida do Chão de Baixo, Oliveirinha, Aveiro
Beco do Pinhal, Oliveirinha, Aveiro
Largo do Cruzeiro da Feira, Oliveirinha, Aveiro
Plataforma da Linha 1, Oliveirinha, Aveiro
Plataforma da Linha 2, Oliveirinha, Aveiro
Rua Circunvalação da Moita, Oliveirinha, Aveiro
Rua Cirgueiras, Oliveirinha, Aveiro
Rua Conselheiro Arnaldo Vidal, Oliveirinha, Aveiro
Rua da Alagoa, Oliveirinha, Aveiro
Rua da Capela, Oliveirinha, Aveiro
Rua da Capela Nova, Oliveirinha, Aveiro
Rua da Casa do Povo, Oliveirinha, Aveiro
Rua da Cavadinha, Oliveirinha, Aveiro
Rua da Charca, Oliveirinha, Aveiro
Rua da Estação, Oliveirinha, Aveiro
Rua da Fábrica, Oliveirinha, Aveiro
Rua da Fonte de Longe, Oliveirinha, Aveiro
Rua da Granja de Baixo, Oliveirinha, Aveiro
Rua da Granja de Cima, Oliveirinha, Aveiro
Rua da Maritona, Oliveirinha, Aveiro
Rua da Misericórdia, Oliveirinha, Aveiro
Rua da Moita, Oliveirinha, Aveiro
Rua da Peneireira, Oliveirinha, Aveiro
Rua da Quinta Nova, Oliveirinha, Aveiro
Rua da Vizalha, Oliveirinha, Aveiro
Rua das Cavadas, Oliveirinha, Aveiro
Rua das Paradas, Oliveirinha, Aveiro
Rua das Quintas de Aveiro, Oliveirinha, Aveiro
Rua das Relvadas, Oliveirinha, Aveiro
Rua de Francisco Sá Carneiro, Oliveirinha, Aveiro
Rua de Santo António, Oliveirinha, Aveiro
Rua de São Francisco, Oliveirinha, Aveiro
Rua de São João, Oliveirinha, Aveiro
Rua Direita, Oliveirinha, Aveiro
Rua Direita da Póvoa do Valado, Oliveirinha, Aveiro
Rua Direita de Aradas, Oliveirinha, Aveiro
Rua do Barreiro, Oliveirinha, Aveiro
Rua do Cabeço, Oliveirinha, Aveiro
Rua do Carregueiro, Oliveirinha, Aveiro
Rua do Castanheiro, Oliveirinha, Aveiro
Rua do Chão de Marinha, Oliveirinha, Aveiro
Rua do Lamarão, Oliveirinha, Aveiro
Rua do Picoto, Oliveirinha, Aveiro
Rua do Pinhal, Oliveirinha, Aveiro
Rua do Rapadouro, Oliveirinha, Aveiro
Rua do Rego da Venda, Oliveirinha, Aveiro
Rua do Síndico, Oliveirinha, Aveiro
Rua do Vale Barrega, Oliveirinha, Aveiro
Rua do Vale da Moita, Oliveirinha, Aveiro
Rua dos Melões, Oliveirinha, Aveiro
Rua dos Portinhos, Oliveirinha, Aveiro
Rua José Ferreira Dias, Oliveirinha, Aveiro
Rua Justa Ferreira Dias, Oliveirinha, Aveiro
Rua Primeiro de Maio, Oliveirinha, Aveiro
Rua Professor Vidal, Oliveirinha, Aveiro
Rua Tomé de Barros Queirós, Oliveirinha, Aveiro
Rua Vale do Diogo, Oliveirinha, Aveiro
Travessa da Escola Velha, Oliveirinha, Aveiro
Travessa da Gandara, Oliveirinha, Aveiro
Travessa da Maritona, Oliveirinha, Aveiro
Travessa da Moita, Oliveirinha, Aveiro
Travessa do Lamarão, Oliveirinha, Aveiro
Travessa do Pinhal, Oliveirinha, Aveiro
Travessa do Ramal, Oliveirinha, Aveiro
Travessa do Sol, Oliveirinha, Aveiro
Avenida de Santa Joana, Santa Joana, Aveiro
Avenida Dom Manuel de Almeida Trindade, Santa Joana, Aveiro
Avenida Santo António, Santa Joana, Aveiro
Avenida São João de Brito, Santa Joana, Aveiro
Praça Baden Powell, Santa Joana, Aveiro
Praça das Quatro Estações, Santa Joana, Aveiro
Praça dos Descobrimentos, Santa Joana, Aveiro
Rua 21 de Julho, Santa Joana, Aveiro
Rua 31 de Janeiro, Santa Joana, Aveiro
Rua 8 de Dezembro, Santa Joana, Aveiro
Rua Afonso Costa, Santa Joana, Aveiro
Rua Alexandre Herculano, Santa Joana, Aveiro
Rua António Coelho de Magalhães, Santa Joana, Aveiro
Rua Bartolomeu Dias, Santa Joana, Aveiro
Rua Camilo Castelo Branco, Santa Joana, Aveiro
Rua Capitão Acácio, Santa Joana, Aveiro
Rua da Azenha, Santa Joana, Aveiro
Rua da Barroca, Santa Joana, Aveiro
Rua da Bombarda, Santa Joana, Aveiro
Rua da FIDEC, Santa Joana, Aveiro
Rua da Fraternidade, Santa Joana, Aveiro
Rua da Misericórdia, Santa Joana, Aveiro
Rua da Molareira, Santa Joana, Aveiro
Rua da Patela, Santa Joana, Aveiro
Rua da Paz, Santa Joana, Aveiro
Rua da Prata, Santa Joana, Aveiro
Rua da Primavera, Santa Joana, Aveiro
Rua da Quinta do Torto, Santa Joana, Aveiro
Rua da Quinta Nova, Santa Joana, Aveiro
Rua da Quinta Velha, Santa Joana, Aveiro
Rua da Rainha Dona Isabel, Santa Joana, Aveiro
Rua da República, Santa Joana, Aveiro
Rua da Sofia, Santa Joana, Aveiro
Rua das Praias, Santa Joana, Aveiro
Rua das Quintas, Santa Joana, Aveiro
Rua de Almada Negreiros, Santa Joana, Aveiro
Rua de José Morgado, Santa Joana, Aveiro
Rua de Norton de Matos, Santa Joana, Aveiro
Rua de Santa Joana, Santa Joana, Aveiro
Rua de São Brás, Santa Joana, Aveiro
Rua de São João, Santa Joana, Aveiro
Rua de Vasco da Gama, Santa Joana, Aveiro
Rua Diogo Cão, Santa Joana, Aveiro
Rua do Alambique, Santa Joana, Aveiro
Rua do Caião, Santa Joana, Aveiro
Rua do Escultor Romão Júnior, Santa Joana, Aveiro
Rua do Freitas, Santa Joana, Aveiro
Rua do Inverno, Santa Joana, Aveiro
Rua do Ouro, Santa Joana, Aveiro
Rua do Outono, Santa Joana, Aveiro
Rua do Solposto, Santa Joana, Aveiro
Rua do Vale, Santa Joana, Aveiro
Rua do Verão, Santa Joana, Aveiro
Rua do Viso, Santa Joana, Aveiro
Rua Dom Frei Duarte Nunes, Santa Joana, Aveiro
Rua Dom João Evangelista de Lima Vidal, Santa Joana, Aveiro
Rua Dom João II, Santa Joana, Aveiro
Rua Dom José I, Santa Joana, Aveiro
Rua dos Areais, Santa Joana, Aveiro
Rua dos Campinhos, Santa Joana, Aveiro
Rua dos Lusíadas, Santa Joana, Aveiro
Rua dos Olivais, Santa Joana, Aveiro
Rua Doutor Francisco Sá Carneiro, Santa Joana, Aveiro
Rua Eça de Queiros, Santa Joana, Aveiro
Rua Engenheiro Adelino Amaro da Costa, Santa Joana, Aveiro
Rua Fernando Pessoa, Santa Joana, Aveiro
Rua Gil Vicente, Santa Joana, Aveiro
Rua Júlio Dinis, Santa Joana, Aveiro
Rua João Afonso de Aveiro, Santa Joana, Aveiro
Rua João Calisto, Santa Joana, Aveiro
Rua Luís de Camões, Santa Joana, Aveiro
Rua Mário Duarte, Santa Joana, Aveiro
Rua Nova do Viso, Santa Joana, Aveiro
Rua Pedro Álvares Cabral, Santa Joana, Aveiro
Rua Pintor Vieira da Silva, Santa Joana, Aveiro
Rua Pricesa Santa Joana, Santa Joana, Aveiro
Rua São Geraldo, Santa Joana, Aveiro
Rua São Romão, Santa Joana, Aveiro
Rua Vale do Diogo, Santa Joana, Aveiro
Rua Vale do Vouga, Santa Joana, Aveiro
Trav. D. João Evangelista Lima Vidal, Santa Joana, Aveiro
Travessa 21 de Junho, Santa Joana, Aveiro
Travessa da Azenha, Santa Joana, Aveiro
Travessa da Patela - Ramil, Santa Joana, Aveiro
Travessa da Quinta do Torto, Santa Joana, Aveiro
Travessa da Rua do Caião, Santa Joana, Aveiro
Travessa de Molareira, Santa Joana, Aveiro
Travessa do Ouro, Santa Joana, Aveiro
Travessa do Ti Arnaldo, Santa Joana, Aveiro
Zona Residencial da Patela, Santa Joana, Aveiro
Estrada de São Bernardo, São Bernardo, Aveiro
Largo do Pinheiro, São Bernardo, Aveiro
Praceta da Camponesa, São Bernardo, Aveiro
Praceta da Patela, São Bernardo, Aveiro
Rua Aires Lacerda, São Bernardo, Aveiro
Rua Alexandre Coelho, São Bernardo, Aveiro
Rua Anselmo Lopes, São Bernardo, Aveiro
Rua Anselmo Neto, São Bernardo, Aveiro
Rua António Farela, São Bernardo, Aveiro
Rua Bernardo de Claraval, São Bernardo, Aveiro
Rua Brejeira, São Bernardo, Aveiro
Rua Cónego Maio, São Bernardo, Aveiro
Rua Cega, São Bernardo, Aveiro
Rua da Agra, São Bernardo, Aveiro
Rua da Cabreira, São Bernardo, Aveiro
Rua da Camponesa, São Bernardo, Aveiro
Rua da Fonte do Rio de Neto, São Bernardo, Aveiro
Rua da Patela, São Bernardo, Aveiro
Rua da Ucha, São Bernardo, Aveiro
Rua das Areias de Vilar, São Bernardo, Aveiro
Rua das Cilhas, São Bernardo, Aveiro
Rua das Leiras, São Bernardo, Aveiro
Rua das Pajotas, São Bernardo, Aveiro
Rua das Quintas de Aveiro, São Bernardo, Aveiro
Rua de Castela, São Bernardo, Aveiro
Rua de Manuel Matías Reis, São Bernardo, Aveiro
Rua do Areeiro, São Bernardo, Aveiro
Rua do Arquiteto Rogério Barroca, São Bernardo, Aveiro
Rua do Barro, São Bernardo, Aveiro
Rua do Centro Desportivo de São Bernardo, São Bernardo, Aveiro
Rua do Forno, São Bernardo, Aveiro
Rua do Marco, São Bernardo, Aveiro
Rua do Pinhal do Silva, São Bernardo, Aveiro
Rua do Ramal, São Bernardo, Aveiro
Rua Dom Infante Henrique, São Bernardo, Aveiro
Rua dos Barreiros, São Bernardo, Aveiro
Rua dos Campinhos, São Bernardo, Aveiro
Rua dos Emigrantes, São Bernardo, Aveiro
Rua dos Ferreiros, São Bernardo, Aveiro
Rua dos Forninhos, São Bernardo, Aveiro
Rua Doutor Francisco José do Vale Guimarães, São Bernardo, Aveiro
Rua Doutor Girão Pereira, São Bernardo, Aveiro
Rua Eça de Queiroz, São Bernardo, Aveiro
Rua João Lopes, São Bernardo, Aveiro
Rua Manuel Torga, São Bernardo, Aveiro
Rua Nossa Senhora da Saúde, São Bernardo, Aveiro
Rua Nova das Areias, São Bernardo, Aveiro
Rua Nova do Areeiro, São Bernardo, Aveiro
Rua Padre Américo, São Bernardo, Aveiro
Rua Primeiro de Janeiro, São Bernardo, Aveiro
Rua Professor Egas Moniz, São Bernardo, Aveiro
Rua Professor Francisco de Sá Carneiro, São Bernardo, Aveiro
Rua Professor Mário Fernando Canha, São Bernardo, Aveiro
Rua Quinta da Patela, São Bernardo, Aveiro
Rua Quinta do Meu Sonho, São Bernardo, Aveiro
Rua Sociedade Musical Santa Cecília, São Bernardo, Aveiro
Rua Vale Prior, São Bernardo, Aveiro
Travessa da Cabreira, São Bernardo, Aveiro
Travessa da Cruz Alta, São Bernardo, Aveiro
Travessa das Cilhas, São Bernardo, Aveiro
Travessa do Areeiro, São Bernardo, Aveiro
Travessa do Marco, São Bernardo, Aveiro
Travessa dos Barreiros, São Bernardo, Aveiro
Travessa Nossa Senhora da Saúde, São Bernardo, Aveiro
Travessa Padre Américo, São Bernardo, Aveiro
Travessa Primeiro de Janeiro, São Bernardo, Aveiro
Viela dos Aires, São Bernardo, Aveiro
Avenida Almirante Gago Coutinho, São Jacinto, Aveiro
Avenida Marginal, São Jacinto, Aveiro
Avenida Ria-Mar, São Jacinto, Aveiro
Bairro do Pescadores, São Jacinto, Aveiro
Passadiço sobre as dunas, São Jacinto, Aveiro
Praçeta das Tropas Parequedistas, São Jacinto, Aveiro
Rampa de acesso, São Jacinto, Aveiro
Rua 25 de Abril, São Jacinto, Aveiro
Rua Carlos Roeder, São Jacinto, Aveiro
Rua da Base Aerea, São Jacinto, Aveiro
Rua da Esperança, São Jacinto, Aveiro
Rua da Força Aérea, São Jacinto, Aveiro
Rua da Igreja, São Jacinto, Aveiro
Rua da Liberdade, São Jacinto, Aveiro
Rua da Lomba, São Jacinto, Aveiro
Rua da Marinha, São Jacinto, Aveiro
Rua da Nossa Senhora das Areias, São Jacinto, Aveiro
Rua da Saudade, São Jacinto, Aveiro
Rua da Terra Nova, São Jacinto, Aveiro
Rua das Areias do Mar, São Jacinto, Aveiro
Rua de Aveiro, São Jacinto, Aveiro
Rua de José Testada, São Jacinto, Aveiro
Rua de São Jacinto, São Jacinto, Aveiro
Rua do Emigrante, São Jacinto, Aveiro
Rua do Mercado, São Jacinto, Aveiro
Rua do Sol, São Jacinto, Aveiro
Rua dos Bacalhoeiros, São Jacinto, Aveiro
Rua dos Bombeiros, São Jacinto, Aveiro
Rua dos Lugres, São Jacinto, Aveiro
Rua dos Pregões, São Jacinto, Aveiro
Rua Doutor Ginja Brandão, São Jacinto, Aveiro
Rua Dunas de São Jacinto, São Jacinto, Aveiro
Rua Gago Coutinho, São Jacinto, Aveiro
Rua José Testada, São Jacinto, Aveiro
Rua Mestre Jorge Francisco Pestana, São Jacinto, Aveiro
Rua Miguel Torga, São Jacinto, Aveiro
Rua Nova, São Jacinto, Aveiro
Rua Raul Brandão, São Jacinto, Aveiro
Rua Seca do Bacalhau, São Jacinto, Aveiro
Rua Vale de Guimarães, São Jacinto, Aveiro
Travessa da Base Aérea, São Jacinto, Aveiro
Travessa Nossa Snhora das Areias, São Jacinto, Aveiro
Travessa Riamar, São Jacinto, Aveiro
Viela da Igreja, São Jacinto, Aveiro
Ponte da Rata, Eixo e Eirol, Aveiro
Rua Abílio Tavares da Silva, Eixo e Eirol, Aveiro
Rua Almirante Jaime Afreixo, Eixo e Eirol, Aveiro
Rua Caixa de Água, Eixo e Eirol, Aveiro
Rua Coronel Rêgo, Eixo e Eirol, Aveiro
Rua Costa da Lapa, Eixo e Eirol, Aveiro
Rua da Areosa, Eixo e Eirol, Aveiro
Rua da Arrota, Eixo e Eirol, Aveiro
Rua da Capela, Eixo e Eirol, Aveiro
Rua da Cilha Sardinha, Eixo e Eirol, Aveiro
Rua da Covilhã, Eixo e Eirol, Aveiro
Rua da Eirinha, Eixo e Eirol, Aveiro
Rua da Encosta da Fonte, Eixo e Eirol, Aveiro
Rua da Escola, Eixo e Eirol, Aveiro
Rua da Fonte, Eixo e Eirol, Aveiro
Rua da Indústria, Eixo e Eirol, Aveiro
Rua da Nossa Senhora das Dores, Eixo e Eirol, Aveiro
Rua da Ponte da Rata, Eixo e Eirol, Aveiro
Rua da Residência, Eixo e Eirol, Aveiro
Rua da Ribeira, Eixo e Eirol, Aveiro
Rua da Taboeira, Eixo e Eirol, Aveiro
Rua da Viela das Gatas, Eixo e Eirol, Aveiro
Rua da Vila Verde, Eixo e Eirol, Aveiro
Rua das Eiras, Eixo e Eirol, Aveiro
Rua das Pontes, Eixo e Eirol, Aveiro
Rua das Rodadas, Eixo e Eirol, Aveiro
Rua de Santa Eufêmia, Eixo e Eirol, Aveiro
Rua de Santo António, Eixo e Eirol, Aveiro
Rua de São Paulus, Eixo e Eirol, Aveiro
Rua de São Sebastião, Eixo e Eirol, Aveiro
Rua Direita, Eixo e Eirol, Aveiro
Rua do Arrujo de Baixo, Eixo e Eirol, Aveiro
Rua do Arrujo de Cima, Eixo e Eirol, Aveiro
Rua do Barreiro, Eixo e Eirol, Aveiro
Rua do Brejo, Eixo e Eirol, Aveiro
Rua do Cabo, Eixo e Eirol, Aveiro
Rua do Carrajão, Eixo e Eirol, Aveiro
Rua do Emigrante, Eixo e Eirol, Aveiro
Rua do Forno, Eixo e Eirol, Aveiro
Rua do Lameiro, Eixo e Eirol, Aveiro
Rua do Monte Norte, Eixo e Eirol, Aveiro
Rua do Monte Sul, Eixo e Eirol, Aveiro
Rua do Tapado, Eixo e Eirol, Aveiro
Rua do Vale dos Pinheiros, Eixo e Eirol, Aveiro
Rua dos Lagumeiros, Eixo e Eirol, Aveiro
Rua dos Macocos, Eixo e Eirol, Aveiro
Rua dos Poços, Eixo e Eirol, Aveiro
Rua dos Rebelães, Eixo e Eirol, Aveiro
Rua Doutor Álvaro Sampaio, Eixo e Eirol, Aveiro
Rua Engenheiro Robert Erick Zipprich, Eixo e Eirol, Aveiro
Rua Estrada Principal, Eixo e Eirol, Aveiro
Rua Francisco Lopes, Eixo e Eirol, Aveiro
Rua Jerónimo Fernandes Mascarenhas Júnior, Eixo e Eirol, Aveiro
Rua José Estevão, Eixo e Eirol, Aveiro
Rua José Mascarenhas, Eixo e Eirol, Aveiro
Rua Manuel Lopes Póvoa, Eixo e Eirol, Aveiro
Rua Padre Luis Pereira, Eixo e Eirol, Aveiro
Rua Principal, Eixo e Eirol, Aveiro
Rua Professor Augusto Celso Santos, Eixo e Eirol, Aveiro
Travessa da Areosa, Eixo e Eirol, Aveiro
Travessa da Caixa d'Água, Eixo e Eirol, Aveiro
Travessa da Covilhã, Eixo e Eirol, Aveiro
Travessa da Fonte do Rêgo, Eixo e Eirol, Aveiro
Travessa da Galega, Eixo e Eirol, Aveiro
Travessa da Rua Cilha Sardinha, Eixo e Eirol, Aveiro
Travessa da Rua do Lameiro, Eixo e Eirol, Aveiro
Travessa da Rua dos Lagumeiros, Eixo e Eirol, Aveiro
Travessa da Rua José Estevão, Eixo e Eirol, Aveiro
Travessa da Vila Verde, Eixo e Eirol, Aveiro
Travessa da Virginia, Eixo e Eirol, Aveiro
Travessa das Hortas, Eixo e Eirol, Aveiro
Travessa das Rivas, Eixo e Eirol, Aveiro
Travessa das Rodadas, Eixo e Eirol, Aveiro
Travessa de São Paulus, Eixo e Eirol, Aveiro
Travessa do Barreiro, Eixo e Eirol, Aveiro
Travessa do Monte, Eixo e Eirol, Aveiro
Travessa do Rechio, Eixo e Eirol, Aveiro
Viela do Rio, Eixo e Eirol, Aveiro
Viela do Tapado, Eixo e Eirol, Aveiro
Acesso Hotel Aveiro Palace, Glória e Vera Cruz, Aveiro
Arco do Comércio, Glória e Vera Cruz, Aveiro
Avenida 25 de Abril, Glória e Vera Cruz, Aveiro
Avenida 5 de Outubro, Glória e Vera Cruz, Aveiro
Avenida Araújo e Silva, Glória e Vera Cruz, Aveiro
Avenida Central, Glória e Vera Cruz, Aveiro
Avenida Congressos da Oposição Democrática, Glória e Vera Cruz, Aveiro
Avenida da Força Aérea Portuguesa, Glória e Vera Cruz, Aveiro
Avenida da Universidade, Glória e Vera Cruz, Aveiro
Avenida de Artur Ravara, Glória e Vera Cruz, Aveiro
Avenida de Bourges, Glória e Vera Cruz, Aveiro
Avenida de Oita, Glória e Vera Cruz, Aveiro
Avenida de Santa Joana, Glória e Vera Cruz, Aveiro
Avenida Doutor Carlos Candal, Glória e Vera Cruz, Aveiro
Avenida Doutor Francisco do Vale Guimarães, Glória e Vera Cruz, Aveiro
Avenida Doutor Lourenço Peixinho, Glória e Vera Cruz, Aveiro
Avenida Fausto Ferreira, Glória e Vera Cruz, Aveiro
Avenida Francisco Sá Carneiro, Glória e Vera Cruz, Aveiro
Avenida João Jacinto Magalhães, Glória e Vera Cruz, Aveiro
Avenida Nossa Senhora da Alegria, Glória e Vera Cruz, Aveiro
Avenida Vasco Branco, Glória e Vera Cruz, Aveiro